<?xml version="1.0" encoding="utf-8"?>
<TextureAtlas imagePath="jimmy.png">
	<!-- Created using the Spritesheet and XML generator -->
	<!-- https://uncertainprod.github.io/FNF-Spritesheet-XML-generator-Web -->
	<SubTexture name="idle0000" x="0" y="5172" width="394" height="660" frameX="-156" frameY="-206" frameWidth="1174" frameHeight="884"/>
	<SubTexture name="idle0001" x="394" y="5172" width="394" height="660" frameX="-156" frameY="-206" frameWidth="1174" frameHeight="884"/>
	<SubTexture name="idle0002" x="1192" y="4498" width="402" height="658" frameX="-148" frameY="-208" frameWidth="1174" frameHeight="884"/>
	<SubTexture name="idle0003" x="1594" y="4498" width="402" height="657" frameX="-148" frameY="-208" frameWidth="1174" frameHeight="884"/>
	<SubTexture name="idle0004" x="4146" y="3676" width="402" height="662" frameX="-146" frameY="-204" frameWidth="1174" frameHeight="884"/>
	<SubTexture name="idle0005" x="790" y="4498" width="402" height="661" frameX="-146" frameY="-204" frameWidth="1174" frameHeight="884"/>
	<SubTexture name="idle0006" x="3748" y="3676" width="398" height="670" frameX="-148" frameY="-196" frameWidth="1174" frameHeight="884"/>
	<SubTexture name="idle0007" x="3350" y="3676" width="398" height="670" frameX="-148" frameY="-196" frameWidth="1174" frameHeight="884"/>
	<SubTexture name="idle0008" x="395" y="4498" width="395" height="674" frameX="-151" frameY="-192" frameWidth="1174" frameHeight="884"/>
	<SubTexture name="idle0009" x="0" y="4498" width="395" height="674" frameX="-151" frameY="-192" frameWidth="1174" frameHeight="884"/>
	<SubTexture name="idle0010" x="5345" y="0" width="394" height="675" frameX="-152" frameY="-190" frameWidth="1174" frameHeight="884"/>
	<SubTexture name="idle0011" x="4126" y="2916" width="394" height="677" frameX="-152" frameY="-189" frameWidth="1174" frameHeight="884"/>
	<SubTexture name="idle0012" x="5345" y="1353" width="392" height="678" frameX="-154" frameY="-188" frameWidth="1174" frameHeight="884"/>
	<SubTexture name="idle0013" x="5345" y="675" width="392" height="678" frameX="-154" frameY="-188" frameWidth="1174" frameHeight="884"/>
	<SubTexture name="idle0014" x="5345" y="2709" width="389" height="677" frameX="-157" frameY="-188" frameWidth="1174" frameHeight="884"/>
	<SubTexture name="idle0015" x="5345" y="2031" width="389" height="678" frameX="-157" frameY="-188" frameWidth="1174" frameHeight="884"/>
	<SubTexture name="idle0016" x="5345" y="4062" width="388" height="676" frameX="-158" frameY="-190" frameWidth="1174" frameHeight="884"/>
	<SubTexture name="idle0017" x="5345" y="3386" width="388" height="676" frameX="-158" frameY="-190" frameWidth="1174" frameHeight="884"/>
	<SubTexture name="idle0018" x="5739" y="674" width="386" height="674" frameX="-160" frameY="-192" frameWidth="1174" frameHeight="884"/>
	<SubTexture name="idle0019" x="5739" y="0" width="386" height="674" frameX="-160" frameY="-192" frameWidth="1174" frameHeight="884"/>
	<SubTexture name="idle0020" x="6125" y="0" width="388" height="668" frameX="-160" frameY="-198" frameWidth="1174" frameHeight="884"/>
	<SubTexture name="idle0021" x="6125" y="668" width="388" height="668" frameX="-160" frameY="-198" frameWidth="1174" frameHeight="884"/>
	<SubTexture name="down0000" x="5739" y="2460" width="358" height="528" frameX="-243" frameY="-338" frameWidth="1174" frameHeight="884"/>
	<SubTexture name="down0001" x="5739" y="3522" width="352" height="534" frameX="-246" frameY="-332" frameWidth="1174" frameHeight="884"/>
	<SubTexture name="down0002" x="5739" y="2988" width="352" height="534" frameX="-246" frameY="-332" frameWidth="1174" frameHeight="884"/>
	<SubTexture name="down0003" x="5739" y="1908" width="350" height="552" frameX="-247" frameY="-314" frameWidth="1174" frameHeight="884"/>
	<SubTexture name="down0004" x="6125" y="5276" width="350" height="552" frameX="-247" frameY="-314" frameWidth="1174" frameHeight="884"/>
	<SubTexture name="down0005" x="6125" y="4716" width="353" height="560" frameX="-247" frameY="-306" frameWidth="1174" frameHeight="884"/>
	<SubTexture name="down0006" x="5739" y="1348" width="353" height="560" frameX="-247" frameY="-306" frameWidth="1174" frameHeight="884"/>
	<SubTexture name="down0007" x="6125" y="1900" width="356" height="564" frameX="-247" frameY="-302" frameWidth="1174" frameHeight="884"/>
	<SubTexture name="down0008" x="6125" y="3028" width="356" height="564" frameX="-247" frameY="-302" frameWidth="1174" frameHeight="884"/>
	<SubTexture name="down0009" x="6125" y="2464" width="356" height="564" frameX="-248" frameY="-302" frameWidth="1174" frameHeight="884"/>
	<SubTexture name="down0010" x="6125" y="1336" width="356" height="564" frameX="-248" frameY="-302" frameWidth="1174" frameHeight="884"/>
	<SubTexture name="down0011" x="6125" y="4154" width="356" height="562" frameX="-248" frameY="-304" frameWidth="1174" frameHeight="884"/>
	<SubTexture name="down0012" x="6125" y="3592" width="356" height="562" frameX="-248" frameY="-304" frameWidth="1174" frameHeight="884"/>
	<SubTexture name="up0000" x="5027" y="0" width="318" height="846" frameX="-271" frameY="-8" frameWidth="1174" frameHeight="884"/>
	<SubTexture name="up0001" x="4711" y="853" width="316" height="853" frameX="-275" frameY="-1" frameWidth="1174" frameHeight="884"/>
	<SubTexture name="up0002" x="4711" y="0" width="316" height="853" frameX="-275" frameY="-1" frameWidth="1174" frameHeight="884"/>
	<SubTexture name="up0003" x="4126" y="1214" width="324" height="851" frameX="-278" frameY="-3" frameWidth="1174" frameHeight="884"/>
	<SubTexture name="up0004" x="4126" y="2065" width="324" height="851" frameX="-278" frameY="-3" frameWidth="1174" frameHeight="884"/>
	<SubTexture name="up0005" x="334" y="3676" width="334" height="822" frameX="-276" frameY="-32" frameWidth="1174" frameHeight="884"/>
	<SubTexture name="up0006" x="0" y="3676" width="334" height="822" frameX="-276" frameY="-32" frameWidth="1174" frameHeight="884"/>
	<SubTexture name="up0007" x="668" y="3676" width="335" height="812" frameX="-274" frameY="-42" frameWidth="1174" frameHeight="884"/>
	<SubTexture name="up0008" x="1003" y="3676" width="335" height="812" frameX="-274" frameY="-42" frameWidth="1174" frameHeight="884"/>
	<SubTexture name="up0009" x="1674" y="3676" width="336" height="808" frameX="-272" frameY="-46" frameWidth="1174" frameHeight="884"/>
	<SubTexture name="up0010" x="1338" y="3676" width="336" height="808" frameX="-272" frameY="-46" frameWidth="1174" frameHeight="884"/>
	<SubTexture name="up0011" x="2680" y="3676" width="335" height="808" frameX="-272" frameY="-46" frameWidth="1174" frameHeight="884"/>
	<SubTexture name="up0012" x="2010" y="3676" width="335" height="808" frameX="-272" frameY="-46" frameWidth="1174" frameHeight="884"/>
	<SubTexture name="up0013" x="2345" y="3676" width="335" height="808" frameX="-272" frameY="-46" frameWidth="1174" frameHeight="884"/>
	<SubTexture name="up0014" x="3015" y="3676" width="335" height="808" frameX="-272" frameY="-46" frameWidth="1174" frameHeight="884"/>
	<SubTexture name="right0000" x="0" y="0" width="887" height="628" frameX="-289" frameY="-230" frameWidth="1174" frameHeight="884"/>
	<SubTexture name="right0001" x="887" y="0" width="888" height="623" frameX="-288" frameY="-236" frameWidth="1174" frameHeight="884"/>
	<SubTexture name="right0002" x="0" y="628" width="888" height="623" frameX="-288" frameY="-236" frameWidth="1174" frameHeight="884"/>
	<SubTexture name="right0003" x="1775" y="611" width="890" height="605" frameX="-286" frameY="-255" frameWidth="1174" frameHeight="884"/>
	<SubTexture name="right0004" x="1775" y="0" width="890" height="611" frameX="-286" frameY="-255" frameWidth="1174" frameHeight="884"/>
	<SubTexture name="right0005" x="888" y="628" width="881" height="602" frameX="-282" frameY="-258" frameWidth="1174" frameHeight="884"/>
	<SubTexture name="right0006" x="0" y="1251" width="881" height="602" frameX="-282" frameY="-258" frameWidth="1174" frameHeight="884"/>
	<SubTexture name="right0007" x="2665" y="1810" width="874" height="602" frameX="-282" frameY="-256" frameWidth="1174" frameHeight="884"/>
	<SubTexture name="right0008" x="2665" y="1208" width="874" height="602" frameX="-282" frameY="-256" frameWidth="1174" frameHeight="884"/>
	<SubTexture name="right0009" x="2665" y="0" width="874" height="604" frameX="-282" frameY="-254" frameWidth="1174" frameHeight="884"/>
	<SubTexture name="right0010" x="2665" y="604" width="874" height="604" frameX="-282" frameY="-254" frameWidth="1174" frameHeight="884"/>
	<SubTexture name="right0011" x="0" y="1853" width="874" height="606" frameX="-282" frameY="-252" frameWidth="1174" frameHeight="884"/>
	<SubTexture name="right0012" x="874" y="1853" width="874" height="605" frameX="-282" frameY="-253" frameWidth="1174" frameHeight="884"/>
	<SubTexture name="right0013" x="1748" y="1853" width="874" height="605" frameX="-282" frameY="-253" frameWidth="1174" frameHeight="884"/>
	<SubTexture name="left0000" x="0" y="2459" width="592" height="612" frameX="2" frameY="-238" frameWidth="1174" frameHeight="884"/>
	<SubTexture name="left0001" x="592" y="2459" width="593" height="603" frameX="2" frameY="-246" frameWidth="1174" frameHeight="884"/>
	<SubTexture name="left0002" x="1185" y="2459" width="593" height="603" frameX="2" frameY="-246" frameWidth="1174" frameHeight="884"/>
	<SubTexture name="left0003" x="881" y="1251" width="595" height="602" frameX="2" frameY="-248" frameWidth="1174" frameHeight="884"/>
	<SubTexture name="left0004" x="1476" y="1251" width="595" height="602" frameX="2" frameY="-248" frameWidth="1174" frameHeight="884"/>
	<SubTexture name="left0005" x="588" y="3071" width="588" height="605" frameX="-6" frameY="-245" frameWidth="1174" frameHeight="884"/>
	<SubTexture name="left0006" x="0" y="3071" width="588" height="605" frameX="-6" frameY="-245" frameWidth="1174" frameHeight="884"/>
	<SubTexture name="left0007" x="3539" y="607" width="587" height="607" frameX="-7" frameY="-242" frameWidth="1174" frameHeight="884"/>
	<SubTexture name="left0008" x="3539" y="0" width="587" height="607" frameX="-7" frameY="-242" frameWidth="1174" frameHeight="884"/>
	<SubTexture name="left0009" x="4126" y="607" width="585" height="607" frameX="-9" frameY="-242" frameWidth="1174" frameHeight="884"/>
	<SubTexture name="left0010" x="4126" y="0" width="585" height="607" frameX="-9" frameY="-242" frameWidth="1174" frameHeight="884"/>
	<SubTexture name="left0011" x="3539" y="2428" width="585" height="607" frameX="-9" frameY="-242" frameWidth="1174" frameHeight="884"/>
	<SubTexture name="left0012" x="3539" y="1214" width="586" height="607" frameX="-9" frameY="-242" frameWidth="1174" frameHeight="884"/>
	<SubTexture name="left0013" x="3539" y="1821" width="586" height="607" frameX="-9" frameY="-242" frameWidth="1174" frameHeight="884"/>
</TextureAtlas>